{
  "log out" : {
    "transaction" : "log out",
    "sampleCount" : 6306,
    "errorCount" : 3,
    "errorPct" : 0.047573738,
    "meanResTime" : 261.7681573104981,
    "medianResTime" : 143.0,
    "minResTime" : 2.0,
    "maxResTime" : 6573.0,
    "pct1ResTime" : 244.0,
    "pct2ResTime" : 288.0,
    "pct3ResTime" : 6515.93,
    "throughput" : 21.17862792314435,
    "receivedKBytesPerSec" : 4.446950235388057,
    "sentKBytesPerSec" : 6.245410940443925
  },
  "Total" : {
    "transaction" : "Total",
    "sampleCount" : 31913,
    "errorCount" : 10,
    "errorPct" : 0.031335194,
    "meanResTime" : 1217.7298906401732,
    "medianResTime" : 189.0,
    "minResTime" : 0.0,
    "maxResTime" : 7578.0,
    "pct1ResTime" : 6401.0,
    "pct2ResTime" : 6527.0,
    "pct3ResTime" : 6838.0,
    "throughput" : 105.07686583627199,
    "receivedKBytesPerSec" : 69.71386668267695,
    "sentKBytesPerSec" : 35.51440105169882
  },
  "confirm menu" : {
    "transaction" : "confirm menu",
    "sampleCount" : 6434,
    "errorCount" : 0,
    "errorPct" : 0.0,
    "meanResTime" : 3916.124184022371,
    "medianResTime" : 2709.0,
    "minResTime" : 2405.0,
    "maxResTime" : 7578.0,
    "pct1ResTime" : 6651.0,
    "pct2ResTime" : 6815.0,
    "pct3ResTime" : 7210.65,
    "throughput" : 21.227527821126568,
    "receivedKBytesPerSec" : 4.7471717490605325,
    "sentKBytesPerSec" : 16.56265748877422
  },
  "调试取样器" : {
    "transaction" : "调试取样器",
    "sampleCount" : 6305,
    "errorCount" : 0,
    "errorPct" : 0.0,
    "meanResTime" : 0.03521015067406823,
    "medianResTime" : 0.0,
    "minResTime" : 0.0,
    "maxResTime" : 3.0,
    "pct1ResTime" : 0.0,
    "pct2ResTime" : 0.0,
    "pct3ResTime" : 1.0,
    "throughput" : 21.176407366232613,
    "receivedKBytesPerSec" : 8.704734983181465,
    "sentKBytesPerSec" : 0.0
  },
  "login" : {
    "transaction" : "login",
    "sampleCount" : 6434,
    "errorCount" : 3,
    "errorPct" : 0.046627294,
    "meanResTime" : 1277.379701585331,
    "medianResTime" : 219.0,
    "minResTime" : 1.0,
    "maxResTime" : 6614.0,
    "pct1ResTime" : 6390.0,
    "pct2ResTime" : 6461.0,
    "pct3ResTime" : 6551.0,
    "throughput" : 21.356187618456474,
    "receivedKBytesPerSec" : 6.304983848636278,
    "sentKBytesPerSec" : 8.504713805220216
  },
  "get menu" : {
    "transaction" : "get menu",
    "sampleCount" : 6434,
    "errorCount" : 4,
    "errorPct" : 0.062169723,
    "meanResTime" : 589.9095430525341,
    "medianResTime" : 216.0,
    "minResTime" : 1.0,
    "maxResTime" : 6611.0,
    "pct1ResTime" : 342.0,
    "pct2ResTime" : 6306.25,
    "pct3ResTime" : 6510.0,
    "throughput" : 21.384153657474652,
    "receivedKBytesPerSec" : 46.26040344143952,
    "sentKBytesPerSec" : 4.467636224686499
  }
}