{
  "log out" : {
    "transaction" : "log out",
    "sampleCount" : 3373,
    "errorCount" : 22,
    "errorPct" : 0.65223837,
    "meanResTime" : 3724.676845538091,
    "medianResTime" : 182.0,
    "minResTime" : 1.0,
    "maxResTime" : 16707.0,
    "pct1ResTime" : 16596.0,
    "pct2ResTime" : 16635.0,
    "pct3ResTime" : 16690.26,
    "throughput" : 10.934931806614127,
    "receivedKBytesPerSec" : 2.3727833755726007,
    "sentKBytesPerSec" : 3.2137115794217097
  },
  "Total" : {
    "transaction" : "Total",
    "sampleCount" : 17026,
    "errorCount" : 122,
    "errorPct" : 0.7165512,
    "meanResTime" : 2734.1714436743923,
    "medianResTime" : 204.0,
    "minResTime" : 0.0,
    "maxResTime" : 19170.0,
    "pct1ResTime" : 16564.0,
    "pct2ResTime" : 16693.0,
    "pct3ResTime" : 17265.0,
    "throughput" : 54.57576048979069,
    "receivedKBytesPerSec" : 36.67619970970766,
    "sentKBytesPerSec" : 18.35693648928583
  },
  "confirm menu" : {
    "transaction" : "confirm menu",
    "sampleCount" : 3428,
    "errorCount" : 22,
    "errorPct" : 0.64177364,
    "meanResTime" : 6862.538506417728,
    "medianResTime" : 2693.0,
    "minResTime" : 0.0,
    "maxResTime" : 19170.0,
    "pct1ResTime" : 17079.0,
    "pct2ResTime" : 17265.0,
    "pct3ResTime" : 19027.0,
    "throughput" : 11.01238089730987,
    "receivedKBytesPerSec" : 2.657147486555772,
    "sentKBytesPerSec" : 8.534912678774504
  },
  "调试取样器" : {
    "transaction" : "调试取样器",
    "sampleCount" : 3318,
    "errorCount" : 0,
    "errorPct" : 0.0,
    "meanResTime" : 0.038577456298975354,
    "medianResTime" : 0.0,
    "minResTime" : 0.0,
    "maxResTime" : 4.0,
    "pct1ResTime" : 0.0,
    "pct2ResTime" : 0.0,
    "pct3ResTime" : 1.0,
    "throughput" : 11.3700615792666,
    "receivedKBytesPerSec" : 4.669341403618339,
    "sentKBytesPerSec" : 0.0
  },
  "login" : {
    "transaction" : "login",
    "sampleCount" : 3468,
    "errorCount" : 13,
    "errorPct" : 0.37485582,
    "meanResTime" : 1650.697520184544,
    "medianResTime" : 169.0,
    "minResTime" : 0.0,
    "maxResTime" : 16705.0,
    "pct1ResTime" : 466.0999999999999,
    "pct2ResTime" : 16548.649999999998,
    "pct3ResTime" : 16663.48,
    "throughput" : 11.117558240553441,
    "receivedKBytesPerSec" : 3.381016475777315,
    "sentKBytesPerSec" : 4.398248861355905
  },
  "get menu" : {
    "transaction" : "get menu",
    "sampleCount" : 3439,
    "errorCount" : 65,
    "errorPct" : 1.8900844,
    "meanResTime" : 1378.0572840942139,
    "medianResTime" : 219.0,
    "minResTime" : 0.0,
    "maxResTime" : 16701.0,
    "pct1ResTime" : 430.0,
    "pct2ResTime" : 16514.0,
    "pct3ResTime" : 16651.0,
    "throughput" : 11.04232624149911,
    "receivedKBytesPerSec" : 23.971245129447915,
    "sentKBytesPerSec" : 2.2692305029411957
  }
}