{
  "log out" : {
    "transaction" : "log out",
    "sampleCount" : 3397,
    "errorCount" : 11,
    "errorPct" : 0.32381514,
    "meanResTime" : 1997.627318221961,
    "medianResTime" : 153.0,
    "minResTime" : 1.0,
    "maxResTime" : 16683.0,
    "pct1ResTime" : 13915.0,
    "pct2ResTime" : 16610.1,
    "pct3ResTime" : 16651.02,
    "throughput" : 11.153392804961733,
    "receivedKBytesPerSec" : 2.3501742512419104,
    "sentKBytesPerSec" : 3.286359133010037
  },
  "Total" : {
    "transaction" : "Total",
    "sampleCount" : 17186,
    "errorCount" : 60,
    "errorPct" : 0.3491214,
    "meanResTime" : 2483.039334341919,
    "medianResTime" : 189.0,
    "minResTime" : 0.0,
    "maxResTime" : 19040.0,
    "pct1ResTime" : 16290.0,
    "pct2ResTime" : 16672.0,
    "pct3ResTime" : 17103.390000000003,
    "throughput" : 55.77153983449619,
    "receivedKBytesPerSec" : 37.213588147006334,
    "sentKBytesPerSec" : 18.826477060684734
  },
  "confirm menu" : {
    "transaction" : "confirm menu",
    "sampleCount" : 3465,
    "errorCount" : 11,
    "errorPct" : 0.31746033,
    "meanResTime" : 7099.994805194816,
    "medianResTime" : 2695.0,
    "minResTime" : 0.0,
    "maxResTime" : 19040.0,
    "pct1ResTime" : 16992.0,
    "pct2ResTime" : 17098.0,
    "pct3ResTime" : 17359.68,
    "throughput" : 11.269575398825882,
    "receivedKBytesPerSec" : 2.6160053278421938,
    "sentKBytesPerSec" : 8.763605461190705
  },
  "调试取样器" : {
    "transaction" : "调试取样器",
    "sampleCount" : 3356,
    "errorCount" : 0,
    "errorPct" : 0.0,
    "meanResTime" : 0.04410011918951143,
    "medianResTime" : 0.0,
    "minResTime" : 0.0,
    "maxResTime" : 2.0,
    "pct1ResTime" : 0.0,
    "pct2ResTime" : 0.0,
    "pct3ResTime" : 1.0,
    "throughput" : 11.30640145810803,
    "receivedKBytesPerSec" : 4.643543616481876,
    "sentKBytesPerSec" : 0.0
  },
  "login" : {
    "transaction" : "login",
    "sampleCount" : 3496,
    "errorCount" : 10,
    "errorPct" : 0.2860412,
    "meanResTime" : 2371.035469107552,
    "medianResTime" : 219.0,
    "minResTime" : 1.0,
    "maxResTime" : 16683.0,
    "pct1ResTime" : 16530.0,
    "pct2ResTime" : 16598.0,
    "pct3ResTime" : 16640.0,
    "throughput" : 11.346155094410655,
    "receivedKBytesPerSec" : 3.419252357832287,
    "sentKBytesPerSec" : 4.495080530195831
  },
  "get menu" : {
    "transaction" : "get menu",
    "sampleCount" : 3472,
    "errorCount" : 28,
    "errorPct" : 0.8064516,
    "meanResTime" : 863.1347926267301,
    "medianResTime" : 190.0,
    "minResTime" : 1.0,
    "maxResTime" : 16647.0,
    "pct1ResTime" : 377.0,
    "pct2ResTime" : 507.3499999999999,
    "pct3ResTime" : 16585.0,
    "throughput" : 11.285294987599828,
    "receivedKBytesPerSec" : 24.427803578741912,
    "sentKBytesPerSec" : 2.3432395898679377
  }
}