{
  "log out" : {
    "transaction" : "log out",
    "sampleCount" : 6339,
    "errorCount" : 0,
    "errorPct" : 0.0,
    "meanResTime" : 116.20870799810714,
    "medianResTime" : 109.0,
    "minResTime" : 2.0,
    "maxResTime" : 4181.0,
    "pct1ResTime" : 172.0,
    "pct2ResTime" : 185.0,
    "pct3ResTime" : 210.0,
    "throughput" : 21.41076651827633,
    "receivedKBytesPerSec" : 4.495424610770909,
    "sentKBytesPerSec" : 6.314503406757278
  },
  "Total" : {
    "transaction" : "Total",
    "sampleCount" : 31955,
    "errorCount" : 0,
    "errorPct" : 0.0,
    "meanResTime" : 932.6793303082454,
    "medianResTime" : 165.0,
    "minResTime" : 0.0,
    "maxResTime" : 6745.0,
    "pct1ResTime" : 2679.0,
    "pct2ResTime" : 6330.0,
    "pct3ResTime" : 6552.990000000002,
    "throughput" : 105.56726506286795,
    "receivedKBytesPerSec" : 70.00962167221951,
    "sentKBytesPerSec" : 35.59899029416283
  },
  "confirm menu" : {
    "transaction" : "confirm menu",
    "sampleCount" : 6400,
    "errorCount" : 0,
    "errorPct" : 0.0,
    "meanResTime" : 4164.718281250009,
    "medianResTime" : 2683.0,
    "minResTime" : 2406.0,
    "maxResTime" : 6745.0,
    "pct1ResTime" : 6408.0,
    "pct2ResTime" : 6516.95,
    "pct3ResTime" : 6669.0,
    "throughput" : 21.195421788893597,
    "receivedKBytesPerSec" : 4.739991786774056,
    "sentKBytesPerSec" : 16.538224618482406
  },
  "调试取样器" : {
    "transaction" : "调试取样器",
    "sampleCount" : 6339,
    "errorCount" : 0,
    "errorPct" : 0.0,
    "meanResTime" : 0.03454803596781837,
    "medianResTime" : 0.0,
    "minResTime" : 0.0,
    "maxResTime" : 4.0,
    "pct1ResTime" : 0.0,
    "pct2ResTime" : 0.0,
    "pct3ResTime" : 1.0,
    "throughput" : 21.41192366154366,
    "receivedKBytesPerSec" : 8.797945738684344,
    "sentKBytesPerSec" : 0.0
  },
  "login" : {
    "transaction" : "login",
    "sampleCount" : 6439,
    "errorCount" : 0,
    "errorPct" : 0.0,
    "meanResTime" : 177.34974374902868,
    "medianResTime" : 176.0,
    "minResTime" : 2.0,
    "maxResTime" : 4174.0,
    "pct1ResTime" : 204.0,
    "pct2ResTime" : 213.0,
    "pct3ResTime" : 400.8000000000011,
    "throughput" : 21.472136909466215,
    "receivedKBytesPerSec" : 6.31163399389583,
    "sentKBytesPerSec" : 8.560316370336837
  },
  "get menu" : {
    "transaction" : "get menu",
    "sampleCount" : 6438,
    "errorCount" : 0,
    "errorPct" : 0.0,
    "meanResTime" : 197.38272755514154,
    "medianResTime" : 187.0,
    "minResTime" : 2.0,
    "maxResTime" : 4180.0,
    "pct1ResTime" : 259.0,
    "pct2ResTime" : 276.0,
    "pct3ResTime" : 400.829999999999,
    "throughput" : 21.486069764647773,
    "receivedKBytesPerSec" : 46.497197850058065,
    "sentKBytesPerSec" : 4.490252860971312
  }
}